//--------------------------------------------------------------------
// Part name;EFM32G290F64
// Chip name;Gecko
// Package;BGA112
// Package type;BGA
// Pin count;112
// Package dimensions;10mm x 10mm
//--------------------------------------------------------------------
// Pins
// Pin id;Pin name;Pin type;Functionality
A1;PE15;Unknown;EBI_AD07 / LEU0_RX #2
A2;PE14;Unknown;EBI_AD06 / LEU0_TX #2
A3;PE12;Unknown;EBI_AD04 / TIM1_CC2 #1 / US0_CLK #0
A4;PE9;Unknown;EBI_AD01 / PCNT2_S1IN #1
A5;PD10;Unknown;EBI_CS1
A6;PF7;Unknown;TIM0_CC1 #2 / U0_RX #0
A7;PF5;Unknown;EBI_REn / TIM0_CDTI2 #2
A8;PF4;Unknown;EBI_WEn / TIM0_CDTI1 #2
A9;PE4;Unknown;US0_CS #1
A10;PC14;Unknown;ACMP1_CH6 / PCNT0_S1IN #0 / TIM0_CDTI1 #1,3 / TIM1_CC1 #0 / U0_TX #3
A11;PC15;Unknown;ACMP1_CH7 / DBG_SWO #1 / TIM0_CDTI2 #1,3 / TIM1_CC2 #0 / U0_RX #3
B1;PA15;Unknown;EBI_AD08
B2;PE13;Unknown;ACMP0_O #0 / EBI_AD05 / US0_CS #0
B3;PE11;Unknown;EBI_AD03 / TIM1_CC1 #1 / US0_RX #0
B4;PE8;Unknown;EBI_AD00 / PCNT2_S0IN #1
B5;PD11;Unknown;EBI_CS2
B6;PF8;Unknown;TIM0_CC2 #2
B7;PF6;Unknown;TIM0_CC0 #2 / U0_TX #0
B8;PF3;Unknown;EBI_ALE / TIM0_CDTI0 #2
B9;PE5;Unknown;US0_CLK #1
B10;PC12;Unknown;ACMP1_CH4 / CMU_CLK0 #1
B11;PC13;Unknown;ACMP1_CH5 / PCNT0_S0IN #0 / TIM0_CDTI0 #1,3 / TIM1_CC0 #0
C1;PA1;Unknown;CMU_CLK1 #0 / EBI_AD10 / I2C0_SCL #0 / TIM0_CC1 #0,1
C2;PA0;Unknown;EBI_AD09 / I2C0_SDA #0 / TIM0_CC0 #0,1
C3;PE10;Unknown;EBI_AD02 / TIM1_CC0 #1 / US0_TX #0
C4;PD13;Unknown;
C5;PD12;Unknown;EBI_CS3
C6;PF9;Unknown;
C7;VSS;Power;
C8;PF2;Unknown;ACMP1_O #0 / DBG_SWO #0 / EBI_ARDY
C9;PE6;Unknown;US0_RX #1
C10;PC10;Unknown;ACMP1_CH2 / TIM2_CC2 #2 / US0_RX #2
C11;PC11;Unknown;ACMP1_CH3 / US0_TX #2
D1;PA3;Unknown;EBI_AD12 / TIM0_CDTI0 #0 / U0_TX #2
D2;PA2;Unknown;CMU_CLK0 #0 / EBI_AD11 / TIM0_CC2 #0,1
D3;PB15;Unknown;
D4;VSS;Power;
D5;IOVDD_6;Power;
D6;PD9;Unknown;EBI_CS0
D7;IOVDD_5;Power;
D8;PF1;Unknown;DBG_SWDIO #0,1 / LETIM0_OUT1 #2
D9;PE7;Unknown;US0_TX #1
D10;PC8;Unknown;ACMP1_CH0 / TIM2_CC0 #2 / US0_CS #2
D11;PC9;Unknown;ACMP1_CH1 / TIM2_CC1 #2 / US0_CLK #2
E1;PA6;Unknown;EBI_AD15 / LEU1_RX #1
E2;PA5;Unknown;EBI_AD14 / LEU1_TX #1 / TIM0_CDTI2 #0
E3;PA4;Unknown;EBI_AD13 / TIM0_CDTI1 #0 / U0_RX #2
E4;PB0;Unknown;TIM1_CC0 #2
E8;PF0;Unknown;DBG_SWCLK #0,1 / LETIM0_OUT0 #2
E9;PE0;Unknown;PCNT0_S0IN #1 / U0_TX #1
E10;PE1;Unknown;PCNT0_S1IN #1 / U0_RX #1
E11;PE3;Unknown;ACMP1_O #1
F1;PB1;Unknown;TIM1_CC1 #2
F2;PB2;Unknown;TIM1_CC2 #2
F3;PB3;Unknown;PCNT1_S0IN #1 / US2_TX #1
F4;PB4;Unknown;PCNT1_S1IN #1 / US2_RX #1
F8;VDD_DREG;Power;
F9;VSS_DREG;Power;
F10;PE2;Unknown;ACMP0_O #1
F11;DECOUPLE;Power;
G1;PB5;Unknown;US2_CLK #1
G2;PB6;Unknown;US2_CS #1
G3;VSS;Power;
G4;IOVDD_0;Power;
G8;IOVDD_4;Power;
G9;VSS;Power;
G10;PC6;Unknown;ACMP0_CH6 / I2C0_SDA #2 / LEU1_TX #0
G11;PC7;Unknown;ACMP0_CH7 / I2C0_SCL #2 / LEU1_RX #0
H1;PC0;Unknown;ACMP0_CH0 / PCNT0_S0IN #2 / US1_TX #0
H2;PC2;Unknown;ACMP0_CH2 / US2_TX #0
H3;PD14;Unknown;I2C0_SDA #3
H4;PA7;Unknown;
H5;PA8;Unknown;TIM2_CC0 #0
H6;VSS;Power;
H7;IOVDD_3;Power;
H8;PD8;Unknown;CMU_CLK1 #1
H9;PD5;Unknown;ADC0_CH5 / LEU0_RX #0
H10;PD6;Unknown;ADC0_CH6 / I2C0_SDA #1 / LETIM0_OUT0 #0
H11;PD7;Unknown;ADC0_CH7 / I2C0_SCL #1 / LETIM0_OUT1 #0
J1;PC1;Unknown;ACMP0_CH1 / PCNT0_S1IN #2 / US1_RX #0
J2;PC3;Unknown;ACMP0_CH3 / US2_RX #0
J3;PD15;Unknown;I2C0_SCL #3
J4;PA12;Unknown;TIM2_CC0 #1
J5;PA9;Unknown;TIM2_CC1 #0
J6;PA10;Unknown;TIM2_CC2 #0
J7;PB9;Unknown;
J8;PB10;Unknown;
J9;PD2;Unknown;ADC0_CH2 / TIM0_CC1 #3 / US1_CLK #1
J10;PD3;Unknown;ADC0_CH3 / TIM0_CC2 #3 / US1_CS #1
J11;PD4;Unknown;ADC0_CH4 / LEU0_TX #0
K1;PB7;Unknown;LFXTAL_P / US1_CLK #0
K2;PC4;Unknown;ACMP0_CH4 / LETIM0_OUT0 #3 / PCNT1_S0IN #0 / US2_CLK #0
K3;PA13;Unknown;TIM2_CC1 #1
K4;VSS;Power;
K5;PA11;Unknown;
K6;RESETn;Passive;
K7;AVSS_1;Power;
K8;AVDD_2;Power;
K9;AVDD_1;Power;
K10;AVSS_0;Power;
K11;PD1;Unknown;ADC0_CH1 / PCNT2_S1IN #0 / TIM0_CC0 #3 / US1_RX #1
L1;PB8;Unknown;LFXTAL_N / US1_CS #0
L2;PC5;Unknown;ACMP0_CH5 / LETIM0_OUT1 #3 / PCNT1_S1IN #0 / US2_CS #0
L3;PA14;Unknown;TIM2_CC2 #1
L4;IOVDD_1;Power;
L5;PB11;Unknown;DAC0_OUT0/OPAMP_OUT0 / LETIM0_OUT0 #1
L6;PB12;Unknown;DAC0_OUT1/OPAMP_OUT1 / LETIM0_OUT1 #1
L7;AVSS_2;Power;
L8;PB13;Unknown;HFXTAL_P / LEU0_TX #1
L9;PB14;Unknown;HFXTAL_N / LEU0_RX #1
L10;AVDD_0;Power;
L11;PD0;Unknown;ADC0_CH0 / PCNT2_S0IN #0 / US1_TX #1
