//--------------------------------------------------------------------
// Part name;EFM32G840F32
// Chip name;Gecko
// Package;QFN64
// Package type;QFN
// Pin count;64
// Package dimensions;9mm x 9mm
//--------------------------------------------------------------------
// Pins
// Pin id;Pin name;Pin type;Functionality
1;PA0;Unknown;I2C0_SDA #0 / LCD_SEG13 / TIM0_CC0 #0,1
2;PA1;Unknown;CMU_CLK1 #0 / I2C0_SCL #0 / LCD_SEG14 / TIM0_CC1 #0,1
3;PA2;Unknown;CMU_CLK0 #0 / LCD_SEG15 / TIM0_CC2 #0,1
4;PA3;Unknown;LCD_SEG16 / TIM0_CDTI0 #0
5;PA4;Unknown;LCD_SEG17 / TIM0_CDTI1 #0
6;PA5;Unknown;LCD_SEG18 / LEU1_TX #1 / TIM0_CDTI2 #0
7;PA6;Unknown;LCD_SEG19 / LEU1_RX #1
8;IOVDD_0;Power;
9;PB3;Unknown;LCD_SEG20/LCD_COM4 / PCNT1_S0IN #1 / US2_TX #1
10;PB4;Unknown;LCD_SEG21/LCD_COM5 / PCNT1_S1IN #1 / US2_RX #1
11;PB5;Unknown;LCD_SEG22/LCD_COM6 / US2_CLK #1
12;PB6;Unknown;LCD_SEG23/LCD_COM7 / US2_CS #1
13;PC4;Unknown;ACMP0_CH4 / LETIM0_OUT0 #3 / PCNT1_S0IN #0 / US2_CLK #0
14;PC5;Unknown;ACMP0_CH5 / LETIM0_OUT1 #3 / PCNT1_S1IN #0 / US2_CS #0
15;PB7;Unknown;LFXTAL_P / US1_CLK #0
16;PB8;Unknown;LFXTAL_N / US1_CS #0
17;PA12;Unknown;LCD_BCAP_P / TIM2_CC0 #1
18;PA13;Unknown;LCD_BCAP_N / TIM2_CC1 #1
19;PA14;Unknown;LCD_BEXT / TIM2_CC2 #1
20;RESETn;Passive;
21;PB11;Unknown;DAC0_OUT0/OPAMP_OUT0 / LETIM0_OUT0 #1
22;PB12;Unknown;DAC0_OUT1/OPAMP_OUT1 / LETIM0_OUT1 #1
23;AVDD_1;Power;
24;PB13;Unknown;HFXTAL_P / LEU0_TX #1
25;PB14;Unknown;HFXTAL_N / LEU0_RX #1
26;IOVDD_3;Power;
27;AVDD_0;Power;
28;PD0;Unknown;ADC0_CH0 / PCNT2_S0IN #0 / US1_TX #1
29;PD1;Unknown;ADC0_CH1 / PCNT2_S1IN #0 / TIM0_CC0 #3 / US1_RX #1
30;PD2;Unknown;ADC0_CH2 / TIM0_CC1 #3 / US1_CLK #1
31;PD3;Unknown;ADC0_CH3 / TIM0_CC2 #3 / US1_CS #1
32;PD4;Unknown;ADC0_CH4 / LEU0_TX #0
33;PD5;Unknown;ADC0_CH5 / LEU0_RX #0
34;PD6;Unknown;ADC0_CH6 / I2C0_SDA #1 / LETIM0_OUT0 #0
35;PD7;Unknown;ADC0_CH7 / I2C0_SCL #1 / LETIM0_OUT1 #0
36;PD8;Unknown;CMU_CLK1 #1
37;PC6;Unknown;ACMP0_CH6 / I2C0_SDA #2 / LEU1_TX #0
38;PC7;Unknown;ACMP0_CH7 / I2C0_SCL #2 / LEU1_RX #0
39;VDD_DREG;Power;
40;DECOUPLE;Power;
41;PE4;Unknown;LCD_COM0 / US0_CS #1
42;PE5;Unknown;LCD_COM1 / US0_CLK #1
43;PE6;Unknown;LCD_COM2 / US0_RX #1
44;PE7;Unknown;LCD_COM3 / US0_TX #1
45;PC12;Unknown;ACMP1_CH4 / CMU_CLK0 #1
46;PC13;Unknown;ACMP1_CH5 / PCNT0_S0IN / TIM0_CDTI0 #1,3 / TIM1_CC0 #0
47;PC14;Unknown;ACMP1_CH6 / PCNT0_S1IN / TIM0_CDTI1 #1,3 / TIM1_CC1 #0
48;PC15;Unknown;ACMP1_CH7 / DBG_SWO #1 / TIM0_CDTI2 #1,3 / TIM1_CC2 #0
49;PF0;Unknown;DBG_SWCLK #0,1 / LETIM0_OUT0 #2
50;PF1;Unknown;DBG_SWDIO #0,1 / LETIM0_OUT1 #2
51;PF2;Unknown;ACMP1_O / DBG_SWO #0 / LCD_SEG0
52;PF3;Unknown;LCD_SEG1 / TIM0_CDTI0 #2
53;PF4;Unknown;LCD_SEG2 / TIM0_CDTI1 #2
54;PF5;Unknown;LCD_SEG3 / TIM0_CDTI2 #2
55;IOVDD_5;Power;
56;PE8;Unknown;LCD_SEG4 / PCNT2_S0IN #1
57;PE9;Unknown;LCD_SEG5 / PCNT2_S1IN #1
58;PE10;Unknown;LCD_SEG6 / TIM1_CC0 #1 / US0_TX #0
59;PE11;Unknown;LCD_SEG7 / TIM1_CC1 #1 / US0_RX #0
60;PE12;Unknown;LCD_SEG8 / TIM1_CC2 #1 / US0_CLK #0
61;PE13;Unknown;ACMP0_O / LCD_SEG9 / US0_CS #0
62;PE14;Unknown;LCD_SEG10 / LEU0_TX #2
63;PE15;Unknown;LCD_SEG11 / LEU0_RX #2
64;PA15;Unknown;LCD_SEG12
65;VSS_PAD;Power;
