//--------------------------------------------------------------------
// Part name;EFM32TG210F8
// Chip name;Tiny Gecko
// Package;QFN32
// Package type;QFN
// Pin count;32
// Package dimensions;6mm x 6mm
//--------------------------------------------------------------------
// Pins
// Pin id;Pin name;Pin type;Functionality
1;PA0;Unknown;GPIO_EM4WU0 / I2C0_SDA #0 / LEU0_RX #4 / PRS_CH0 / TIM0_CC0 #0,1,4
2;PA1;Unknown;CMU_CLK1 #0 / I2C0_SCL #0 / PRS_CH1 / TIM0_CC1 #0,1
3;PA2;Unknown;CMU_CLK0 #0 / TIM0_CC2 #0,1
4;IOVDD_0;Power;
5;PC0;Unknown;ACMP0_CH0 / DAC0_OUT0ALT/OPAMP_OUT0ALT #0 / I2C0_SDA #4 / LES_CH0 / PCNT0_S0IN #2 / PRS_CH2 / TIM0_CC1 #4 / US0_TX #5 / US1_TX #0
6;PC1;Unknown;ACMP0_CH1 / DAC0_OUT0ALT/OPAMP_OUT0ALT #1 / I2C0_SCL #4 / LES_CH1 / PCNT0_S1IN #2 / PRS_CH3 / TIM0_CC2 #4 / US0_RX #5 / US1_RX #0
7;PB7;Unknown;LFXTAL_P / TIM1_CC0 #3 / US0_TX #4 / US1_CLK #0
8;PB8;Unknown;LFXTAL_N / TIM1_CC1 #3 / US0_RX #4 / US1_CS #0
9;RESETn;Passive;
10;PB11;Unknown;DAC0_OUT0/OPAMP_OUT0 / LETIM0_OUT0 #1 / TIM1_CC2 #3
11;AVDD_2;Power;
12;PB13;Unknown;HFXTAL_P / LEU0_TX #1 / US0_CLK #4,5
13;PB14;Unknown;HFXTAL_N / LEU0_RX #1 / US0_CS #4,5
14;IOVDD_3;Power;
15;AVDD_0;Power;
16;PD4;Unknown;ADC0_CH4 / DAC0_P2/OPAMP_P2 / LEU0_TX #0
17;PD5;Unknown;ADC0_CH5 / DAC0_OUT2/OPAMP_OUT2 / LEU0_RX #0
18;PD6;Unknown;ACMP0_O #2 / ADC0_CH6 / DAC0_P1/OPAMP_P1 / I2C0_SDA #1 / LES_ALTEX0 / LETIM0_OUT0 #0 / PCNT0_S0IN #3 / TIM1_CC0 #4 / US1_RX #2
19;PD7;Unknown;ACMP1_O #2 / ADC0_CH7 / CMU_CLK0 #2 / DAC0_N1/OPAMP_N1 / I2C0_SCL #1 / LES_ALTEX1 / LETIM0_OUT1 #0 / PCNT0_S1IN #3 / TIM1_CC1 #4 / US1_TX #2
20;VDD_DREG;Power;
21;DECOUPLE;Power;
22;PC13;Unknown;ACMP1_CH5 / DAC0_OUT1ALT/OPAMP_OUT1ALT #1 / LES_CH13 / PCNT0_S0IN #0 / TIM1_CC0 #0 / TIM1_CC2 #4
23;PC14;Unknown;ACMP1_CH6 / DAC0_OUT1ALT/OPAMP_OUT1ALT #2 / LES_CH14 / PCNT0_S1IN #0 / TIM1_CC1 #0 / US0_CS #3
24;PC15;Unknown;ACMP1_CH7 / DAC0_OUT1ALT/OPAMP_OUT1ALT #3 / DBG_SWO #1 / LES_CH15 / TIM1_CC2 #0 / US0_CLK #3
25;PF0;Unknown;DBG_SWCLK #0,1 / I2C0_SDA #5 / LETIM0_OUT0 #2 / LEU0_TX #3 / TIM0_CC0 #5 / US1_CLK #2
26;PF1;Unknown;DBG_SWDIO #0,1 / GPIO_EM4WU1 / I2C0_SCL #5 / LETIM0_OUT1 #2 / LEU0_RX #3 / TIM0_CC1 #5 / US1_CS #2
27;PF2;Unknown;ACMP1_O #0 / DBG_SWO #0 / GPIO_EM4WU1 / LEU0_TX #4 / TIM0_CC2 #5
28;IOVDD_5;Power;
29;PE10;Unknown;TIM1_CC0 #1 / US0_TX #0
30;PE11;Unknown;LES_ALTEX5 / TIM1_CC1 #1 / US0_RX #0
31;PE12;Unknown;CMU_CLK1 #2 / I2C0_SDA #6 / LES_ALTEX6 / TIM1_CC2 #1 / US0_CLK #0 / US0_RX #3
32;PE13;Unknown;ACMP0_O #0 / GPIO_EM4WU1 / I2C0_SCL #6 / LES_ALTEX7 / US0_CS #0 / US0_TX #3
33;VSS_PAD;Power;
