//--------------------------------------------------------------------
// Part name;EFM32G222F128
// Chip name;Gecko
// Package;QFP48
// Package type;QFP
// Pin count;48
// Package dimensions;7mm x 7mm
//--------------------------------------------------------------------
// Pins
// Pin id;Pin name;Pin type;Functionality
1;PA0;Unknown;I2C0_SDA #0 / TIM0_CC0 #0,1
2;PA1;Unknown;CMU_CLK1 / I2C0_SCL #0 / TIM0_CC1 #0,1
3;PA2;Unknown;CMU_CLK0 / TIM0_CC2 #0,1
4;IOVDD_0;Power;
5;VSS;Power;
6;PC0;Unknown;ACMP0_CH0 / PCNT0_S0IN #2 / US1_TX
7;PC1;Unknown;ACMP0_CH1 / PCNT0_S1IN #2 / US1_RX
8;PC2;Unknown;ACMP0_CH2
9;PC3;Unknown;ACMP0_CH3
10;PC4;Unknown;ACMP0_CH4 / LETIM0_OUT0 #3 / PCNT1_S0IN
11;PB7;Unknown;LFXTAL_P / US1_CLK
12;PB8;Unknown;LFXTAL_N / US1_CS
13;PA8;Unknown;TIM2_CC0 #0
14;PA9;Unknown;TIM2_CC1 #0
15;PA10;Unknown;TIM2_CC2 #0
16;RESETn;Passive;
17;PB11;Unknown;DAC0_OUT0/OPAMP_OUT0 / LETIM0_OUT0 #1
18;VSS;Power;
19;AVDD_1;Power;
20;PB13;Unknown;HFXTAL_P / LEU0_TX #1
21;PB14;Unknown;HFXTAL_N / LEU0_RX #1
22;IOVDD_3;Power;
23;AVDD_0;Power;
24;PD4;Unknown;ADC0_CH4 / LEU0_TX #0
25;PD5;Unknown;ADC0_CH5 / LEU0_RX #0
26;PD6;Unknown;ADC0_CH6 / I2C0_SDA #1 / LETIM0_OUT0 #0
27;PD7;Unknown;ADC0_CH7 / I2C0_SCL #1 / LETIM0_OUT1 #0
28;VDD_DREG;Power;
29;DECOUPLE;Power;
30;PC8;Unknown;ACMP1_CH0 / TIM2_CC0 #2 / US0_CS #2
31;PC9;Unknown;ACMP1_CH1 / TIM2_CC1 #2 / US0_CLK #2
32;PC10;Unknown;ACMP1_CH2 / TIM2_CC2 #2 / US0_RX #2
33;PC11;Unknown;ACMP1_CH3 / US0_TX #2
34;PC13;Unknown;ACMP1_CH5 / PCNT0_S0IN #0 / TIM0_CDTI0 #1,3 / TIM1_CC0 #0
35;PC14;Unknown;ACMP1_CH6 / PCNT0_S1IN #0 / TIM0_CDTI1 #1,3 / TIM1_CC1 #0
36;PC15;Unknown;ACMP1_CH7 / DBG_SWO #1 / TIM0_CDTI2 #1,3 / TIM1_CC2 #0
37;PF0;Unknown;DBG_SWCLK #0,1 / LETIM0_OUT0 #2
38;PF1;Unknown;DBG_SWDIO #0,1 / LETIM0_OUT1 #2
39;PF2;Unknown;ACMP1_O / DBG_SWO #0
40;PF3;Unknown;TIM0_CDTI0 #2
41;PF4;Unknown;TIM0_CDTI1 #2
42;PF5;Unknown;TIM0_CDTI2 #2
43;IOVDD_5;Power;
44;VSS;Power;
45;PE10;Unknown;TIM1_CC0 #1 / US0_TX #0
46;PE11;Unknown;TIM1_CC1 #1 / US0_RX #0
47;PE12;Unknown;TIM1_CC2 #1 / US0_CLK #0
48;PE13;Unknown;ACMP0_O / US0_CS #0
