//--------------------------------------------------------------------
// Part name;EFM32GG940F1024
// Chip name;Gecko
// Package;QFN64
// Package type;QFN
// Pin count;64
// Package dimensions;9mm x 9mm
//--------------------------------------------------------------------
// Pins
// Pin id;Pin name;Pin type;Functionality
1;PA0;Unknown;GPIO_EM4WU0 / I2C0_SDA #0 / LCD_SEG13 / LEU0_RX #4 / PRS_CH0 / TIM0_CC0 #0,1,4
2;PA1;Unknown;CMU_CLK1 #0 / I2C0_SCL #0 / LCD_SEG14 / PRS_CH1 / TIM0_CC1 #0,1
3;PA2;Unknown;CMU_CLK0 #0 / ETM_TD0 #3 / LCD_SEG15 / TIM0_CC2 #0,1
4;PA3;Unknown;ETM_TD1 #3 / LCD_SEG16 / LES_ALTEX2 / TIM0_CDTI0
5;PA4;Unknown;ETM_TD2 #3 / LCD_SEG17 / LES_ALTEX3 / TIM0_CDTI1
6;PA5;Unknown;ETM_TD3 #3 / LCD_SEG18 / LES_ALTEX4 / LEU1_TX #1 / TIM0_CDTI2 #0
7;PA6;Unknown;ETM_TCLK #3 / GPIO_EM4WU1 / LCD_SEG19 / LEU1_RX #1
8;IOVDD_0;Power;
9;PB3;Unknown;LCD_SEG20/LCD_COM4 / PCNT1_S0IN #1 / US2_TX #1
10;PB4;Unknown;LCD_SEG21/LCD_COM5 / PCNT1_S1IN #1 / US2_RX #1
11;PB5;Unknown;LCD_SEG22/LCD_COM6 / US2_CLK #1
12;PB6;Unknown;LCD_SEG23/LCD_COM7 / US2_CS #1
13;PC4;Unknown;ACMP0_CH4 / DAC0_P0/OPAMP_P0 / I2C1_SDA #0 / LES_CH4 / LETIM0_OUT0 #3 / PCNT1_S0IN #0 / TIM0_CDTI2 #4 / US2_CLK #0
14;PC5;Unknown;ACMP0_CH5 / DAC0_N0/OPAMP_N0 / I2C1_SCL #0 / LES_CH5 / LETIM0_OUT1 #3 / PCNT1_S1IN #0 / US2_CS #0
15;PB7;Unknown;LFXTAL_P / TIM1_CC0 #3 / US0_TX #4 / US1_CLK #0
16;PB8;Unknown;LFXTAL_N / TIM1_CC1 #3 / US0_RX #4 / US1_CS #0
17;PA12;Unknown;LCD_BCAP_P / TIM2_CC0 #1
18;PA13;Unknown;LCD_BCAP_N / TIM2_CC1 #1
19;PA14;Unknown;LCD_BEXT / TIM2_CC2 #1
20;RESETn;Passive;
21;PB11;Unknown;DAC0_OUT0/OPAMP_OUT0 / I2C1_SDA #1 / LETIM0_OUT0 #1 / TIM1_CC2 #3
22;PB12;Unknown;DAC0_OUT1/OPAMP_OUT1 / I2C1_SCL #1 / LETIM0_OUT1 #1
23;AVDD_1;Power;
24;PB13;Unknown;HFXTAL_P / LEU0_TX #1 / US0_CLK #4,5
25;PB14;Unknown;HFXTAL_N / LEU0_RX #1 / US0_CS #4,5
26;IOVDD_3;Power;
27;AVDD_0;Power;
28;PD0;Unknown;ADC0_CH0 / DAC0_OUT0ALT/OPAMP_OUT0ALT #4 / DAC0_OUT2/OPAMP_OUT2 #1 / PCNT2_S0IN #0 / US1_TX #1
29;PD1;Unknown;ADC0_CH1 / DAC0_OUT1ALT/OPAMP_OUT1ALT #4 / DBG_SWO #2 / PCNT2_S1IN #0 / TIM0_CC0 #3 / US1_RX #1
30;PD2;Unknown;ADC0_CH2 / DBG_SWO #3 / TIM0_CC1 #3 / US1_CLK #1 / USB_DMPU
31;PD3;Unknown;ADC0_CH3 / DAC0_N2/OPAMP_N2 / ETM_TD1 #0,2 / TIM0_CC2 #3 / US1_CS #1
32;PD4;Unknown;ADC0_CH4 / DAC0_P2/OPAMP_P2 / ETM_TD2 #0,2 / LEU0_TX #0
33;PD5;Unknown;ADC0_CH5 / DAC0_OUT2/OPAMP_OUT2 #0 / ETM_TD3 #0,2 / LEU0_RX #0
34;PD6;Unknown;ACMP0_O #2 / ADC0_CH6 / DAC0_P1/OPAMP_P1 / ETM_TD0 #0 / I2C0_SDA #1 / LES_ALTEX0 / LETIM0_OUT0 #0 / PCNT0_S0IN #3 / TIM1_CC0 #4 / US1_RX #2
35;PD7;Unknown;ACMP1_O #2 / ADC0_CH7 / CMU_CLK0 #2 / DAC0_N1/OPAMP_N1 / ETM_TCLK #0 / I2C0_SCL #1 / LES_ALTEX1 / LETIM0_OUT1 #0 / PCNT0_S1IN #3 / TIM1_CC1 #4 / US1_TX #2
36;PD8;Unknown;BU_VIN / CMU_CLK1 #1
37;PC6;Unknown;ACMP0_CH6 / ETM_TCLK #2 / I2C0_SDA #2 / LES_CH6 / LEU1_TX #0
38;PC7;Unknown;ACMP0_CH7 / ETM_TD0 #2 / I2C0_SCL #2 / LES_CH7 / LEU1_RX #0
39;VDD_DREG;Power;
40;DECOUPLE;Power;
41;PE4;Unknown;LCD_COM0 / US0_CS #1
42;PE5;Unknown;LCD_COM1 / US0_CLK #1
43;PE6;Unknown;LCD_COM2 / US0_RX #1
44;PE7;Unknown;LCD_COM3 / US0_TX #1
45;USB_VREGI;Power;
46;USB_VREGO;Power;
47;PF10;Unknown;USB_DM
48;PF11;Unknown;USB_DP
49;PF0;Unknown;DBG_SWCLK #0,1,2,3 / I2C0_SDA #5 / LETIM0_OUT0 #2 / LEU0_TX #3 / TIM0_CC0 #5 / US1_CLK #2
50;PF1;Unknown;DBG_SWDIO #0,1,2,3 / GPIO_EM4WU3 / I2C0_SCL #5 / LETIM0_OUT1 #2 / LEU0_RX #3 / TIM0_CC1 #5 / US1_CS #2
51;PF2;Unknown;ACMP1_O #0 / DBG_SWO #0 / GPIO_EM4WU4 / LCD_SEG0 / LEU0_TX #4 / TIM0_CC2 #5
52;USB_VBUS;Power;
53;PF12;Unknown;USB_ID
54;PF5;Unknown;LCD_SEG3 / PRS_CH2 #1 / TIM0_CDTI2 #2,5 / USB_VBUSEN
55;IOVDD_5;Power;
56;PE8;Unknown;LCD_SEG4 / PCNT2_S0IN #1 / PRS_CH3 #1
57;PE9;Unknown;LCD_SEG5 / PCNT2_S1IN #1
58;PE10;Unknown;BOOTLOADER_TX / LCD_SEG6 / TIM1_CC0 #1 / US0_TX #0
59;PE11;Unknown;BOOTLOADER_RX / LCD_SEG7 / LES_ALTEX5 / TIM1_CC1 #1 / US0_RX #0
60;PE12;Unknown;CMU_CLK1 #2 / I2C0_SDA #6 / LCD_SEG8 / LES_ALTEX6 / TIM1_CC2 #1 / US0_CLK #0 / US0_RX #3
61;PE13;Unknown;ACMP0_O #0 / GPIO_EM4WU5 / I2C0_SCL #6 / LCD_SEG9 / LES_ALTEX7 / US0_CS #0 / US0_TX #3
62;PE14;Unknown;LCD_SEG10 / LEU0_TX #2 / TIM3_CC0
63;PE15;Unknown;LCD_SEG11 / LEU0_RX #2 / TIM3_CC1
64;PA15;Unknown;LCD_SEG12 / TIM3_CC2
65;VSS_PAD;Power;
