//--------------------------------------------------------------------
// Part name;EFM32TG108F32
// Chip name;Tiny Gecko
// Package;QFN24
// Package type;QFN
// Pin count;24
// Package dimensions;5mm x 5mm
//--------------------------------------------------------------------
// Pins
// Pin id;Pin name;Pin type;Functionality
1;PA0;Unknown;GPIO_EM4WU0 / I2C0_SDA #0 / LEU0_RX #4 / PRS_CH0 / TIM0_CC0 #0,1,4
2;IOVDD_0;Power;
3;PC0;Unknown;ACMP0_CH0 / I2C0_SDA #4 / LES_CH0 / PCNT0_S0IN #2 / PRS_CH2 / TIM0_CC1 #4 / US1_TX #0
4;PC1;Unknown;ACMP0_CH1 / I2C0_SCL #4 / LES_CH1 / PCNT0_S1IN #2 / PRS_CH3 / TIM0_CC2 #4 / US1_RX #0
5;PB7;Unknown;LFXTAL_P / TIM1_CC0 #3 / US1_CLK #0
6;PB8;Unknown;LFXTAL_N / TIM1_CC1 #3 / US1_CS #0
7;RESETn;Passive;
8;PB11;Unknown;LETIM0_OUT0 #1 / TIM1_CC2 #3
9;AVDD_2;Power;
10;PB13;Unknown;HFXTAL_P / LEU0_TX #1
11;PB14;Unknown;HFXTAL_N / LEU0_RX #1
12;AVDD_0;Power;
13;PD6;Unknown;ACMP0_O #2 / I2C0_SDA #1 / LES_ALTEX0 / LETIM0_OUT0 #0 / PCNT0_S0IN #3 / TIM1_CC0 #4 / US1_RX #2
14;PD7;Unknown;ACMP1_O #2 / CMU_CLK0 #2 / I2C0_SCL #1 / LES_ALTEX1 / LETIM0_OUT1 #0 / PCNT0_S1IN #3 / TIM1_CC1 #4 / US1_TX #2
15;VDD_DREG;Power;
16;DECOUPLE;Power;
17;PC14;Unknown;ACMP1_CH6 / LES_CH14 / PCNT0_S1IN #0 / TIM1_CC1 #0
18;PC15;Unknown;ACMP1_CH7 / DBG_SWO #1 / LES_CH15 / TIM1_CC2 #0
19;PF0;Unknown;DBG_SWCLK #0,1 / I2C0_SDA #5 / LETIM0_OUT0 #2 / LEU0_TX #3 / TIM0_CC0 #5 / US1_CLK #2
20;PF1;Unknown;DBG_SWDIO #0,1 / GPIO_EM4WU1 / I2C0_SCL #5 / LETIM0_OUT1 #2 / LEU0_RX #3 / TIM0_CC1 #5 / US1_CS #2
21;PF2;Unknown;ACMP1_O #0 / DBG_SWO #0 / GPIO_EM4WU1 / LEU0_TX #4 / TIM0_CC2 #5
22;IOVDD_5;Power;
23;PE12;Unknown;CMU_CLK1 #2 / I2C0_SDA #6 / LES_ALTEX6 / TIM1_CC2 #1
24;PE13;Unknown;ACMP0_O #0 / GPIO_EM4WU1 / I2C0_SCL #6 / LES_ALTEX7
25;VSS_PAD;Power;
