//--------------------------------------------------------------------
// Part name;EFM32G880F32
// Chip name;Gecko
// Package;QFP100
// Package type;QFP
// Pin count;100
// Package dimensions;14mm x 14mm
//--------------------------------------------------------------------
// Pins
// Pin id;Pin name;Pin type;Functionality
1;PA0;Unknown;EBI_AD09 / I2C0_SDA #0 / LCD_SEG13 / TIM0_CC0 #0,1
2;PA1;Unknown;CMU_CLK1 #0 / EBI_AD10 / I2C0_SCL #0 / LCD_SEG14 / TIM0_CC1 #0,1
3;PA2;Unknown;CMU_CLK0 #0 / EBI_AD11 / LCD_SEG15 / TIM0_CC2 #0,1
4;PA3;Unknown;EBI_AD12 / LCD_SEG16 / TIM0_CDTI0 #0 / U0_TX #2
5;PA4;Unknown;EBI_AD13 / LCD_SEG17 / TIM0_CDTI1 #0 / U0_RX #2
6;PA5;Unknown;EBI_AD14 / LCD_SEG18 / LEU1_TX #1 / TIM0_CDTI2 #0
7;PA6;Unknown;EBI_AD15 / LCD_SEG19 / LEU1_RX #1
8;IOVDD_0;Power;
9;PB0;Unknown;LCD_SEG32 / TIM1_CC0 #2
10;PB1;Unknown;LCD_SEG33 / TIM1_CC1 #2
11;PB2;Unknown;LCD_SEG34 / TIM1_CC2 #2
12;PB3;Unknown;LCD_SEG20/LCD_COM4 / PCNT1_S0IN #1 / US2_TX #1
13;PB4;Unknown;LCD_SEG21/LCD_COM5 / PCNT1_S1IN #1 / US2_RX #1
14;PB5;Unknown;LCD_SEG22/LCD_COM6 / US2_CLK #1
15;PB6;Unknown;LCD_SEG23/LCD_COM7 / US2_CS #1
16;VSS;Power;
17;IOVDD_1;Power;
18;PC0;Unknown;ACMP0_CH0 / PCNT0_S0IN #2 / US1_TX #0
19;PC1;Unknown;ACMP0_CH1 / PCNT0_S1IN #2 / US1_RX #0
20;PC2;Unknown;ACMP0_CH2 / US2_TX #0
21;PC3;Unknown;ACMP0_CH3 / US2_RX #0
22;PC4;Unknown;ACMP0_CH4 / LETIM0_OUT0 #3 / PCNT1_S0IN #0 / US2_CLK #0
23;PC5;Unknown;ACMP0_CH5 / LETIM0_OUT1 #3 / PCNT1_S1IN #0 / US2_CS #0
24;PB7;Unknown;LFXTAL_P / US1_CLK #0
25;PB8;Unknown;LFXTAL_N / US1_CS #0
26;PA7;Unknown;LCD_SEG35
27;PA8;Unknown;LCD_SEG36 / TIM2_CC0 #0
28;PA9;Unknown;LCD_SEG37 / TIM2_CC1 #0
29;PA10;Unknown;LCD_SEG38 / TIM2_CC2 #0
30;PA11;Unknown;LCD_SEG39
31;IOVDD_2;Power;
32;VSS;Power;
33;PA12;Unknown;LCD_BCAP_P / TIM2_CC0 #1
34;PA13;Unknown;LCD_BCAP_N / TIM2_CC1 #1
35;PA14;Unknown;LCD_BEXT / TIM2_CC2 #1
36;RESETn;Passive;
37;PB9;Unknown;
38;PB10;Unknown;
39;PB11;Unknown;DAC0_OUT0/OPAMP_OUT0 / LETIM0_OUT0 #1
40;PB12;Unknown;DAC0_OUT1/OPAMP_OUT1 / LETIM0_OUT1 #1
41;AVDD_1;Power;
42;PB13;Unknown;HFXTAL_P / LEU0_TX #1
43;PB14;Unknown;HFXTAL_N / LEU0_RX #1
44;IOVDD_3;Power;
45;AVDD_0;Power;
46;PD0;Unknown;ADC0_CH0 / PCNT2_S0IN #0 / US1_TX #1
47;PD1;Unknown;ADC0_CH1 / PCNT2_S1IN #0 / TIM0_CC0 #3 / US1_RX #1
48;PD2;Unknown;ADC0_CH2 / TIM0_CC1 #3 / US1_CLK #1
49;PD3;Unknown;ADC0_CH3 / TIM0_CC2 #3 / US1_CS #1
50;PD4;Unknown;ADC0_CH4 / LEU0_TX #0
51;PD5;Unknown;ADC0_CH5 / LEU0_RX #0
52;PD6;Unknown;ADC0_CH6 / I2C0_SDA #1 / LETIM0_OUT0 #0
53;PD7;Unknown;ADC0_CH7 / I2C0_SCL #1 / LETIM0_OUT1 #0
54;PD8;Unknown;CMU_CLK1 #1
55;PC6;Unknown;ACMP0_CH6 / I2C0_SDA #2 / LEU1_TX #0
56;PC7;Unknown;ACMP0_CH7 / I2C0_SCL #2 / LEU1_RX #0
57;VDD_DREG;Power;
58;VSS;Power;
59;DECOUPLE;Power;
60;PE0;Unknown;PCNT0_S0IN #1 / U0_TX #1
61;PE1;Unknown;PCNT0_S1IN #1 / U0_RX #1
62;PE2;Unknown;ACMP0_O #1
63;PE3;Unknown;ACMP1_O #1
64;PE4;Unknown;LCD_COM0 / US0_CS #1
65;PE5;Unknown;LCD_COM1 / US0_CLK #1
66;PE6;Unknown;LCD_COM2 / US0_RX #1
67;PE7;Unknown;LCD_COM3 / US0_TX #1
68;PC8;Unknown;ACMP1_CH0 / TIM2_CC0 #2 / US0_CS #2
69;PC9;Unknown;ACMP1_CH1 / TIM2_CC1 #2 / US0_CLK #2
70;PC10;Unknown;ACMP1_CH2 / TIM2_CC2 #2 / US0_RX #2
71;PC11;Unknown;ACMP1_CH3 / US0_TX #2
72;PC12;Unknown;ACMP1_CH4 / CMU_CLK0 #1
73;PC13;Unknown;ACMP1_CH5 / PCNT0_S0IN #0 / TIM0_CDTI0 #1,3 / TIM1_CC0 #0
74;PC14;Unknown;ACMP1_CH6 / PCNT0_S1IN #0 / TIM0_CDTI1 #1,3 / TIM1_CC1 #0 / U0_TX #3
75;PC15;Unknown;ACMP1_CH7 / DBG_SWO #1 / TIM0_CDTI2 #1,3 / TIM1_CC2 #0 / U0_RX #3
76;PF0;Unknown;DBG_SWCLK #0,1 / LETIM0_OUT0 #2
77;PF1;Unknown;DBG_SWDIO #0,1 / LETIM0_OUT1 #2
78;PF2;Unknown;ACMP1_O #0 / DBG_SWO #0 / EBI_ARDY / LCD_SEG0
79;PF3;Unknown;EBI_ALE / LCD_SEG1 / TIM0_CDTI0 #2
80;PF4;Unknown;EBI_WEn / LCD_SEG2 / TIM0_CDTI1 #2
81;PF5;Unknown;EBI_REn / LCD_SEG3 / TIM0_CDTI2 #2
82;IOVDD_5;Power;
83;VSS;Power;
84;PF6;Unknown;LCD_SEG24 / TIM0_CC0 #2 / U0_TX #0
85;PF7;Unknown;LCD_SEG25 / TIM0_CC1 #2 / U0_RX #0
86;PF8;Unknown;LCD_SEG26 / TIM0_CC2 #2
87;PF9;Unknown;LCD_SEG27
88;PD9;Unknown;EBI_CS0 / LCD_SEG28
89;PD10;Unknown;EBI_CS1 / LCD_SEG29
90;PD11;Unknown;EBI_CS2 / LCD_SEG30
91;PD12;Unknown;EBI_CS3 / LCD_SEG31
92;PE8;Unknown;EBI_AD00 / LCD_SEG4 / PCNT2_S0IN #1
93;PE9;Unknown;EBI_AD01 / LCD_SEG5 / PCNT2_S1IN #1
94;PE10;Unknown;EBI_AD02 / LCD_SEG6 / TIM1_CC0 #1 / US0_TX #0
95;PE11;Unknown;EBI_AD03 / LCD_SEG7 / TIM1_CC1 #1 / US0_RX #0
96;PE12;Unknown;EBI_AD04 / LCD_SEG8 / TIM1_CC2 #1 / US0_CLK #0
97;PE13;Unknown;ACMP0_O #0 / EBI_AD05 / LCD_SEG9 / US0_CS #0
98;PE14;Unknown;EBI_AD06 / LCD_SEG10 / LEU0_TX #2
99;PE15;Unknown;EBI_AD07 / LCD_SEG11 / LEU0_RX #2
100;PA15;Unknown;EBI_AD08 / LCD_SEG12
