//--------------------------------------------------------------------
// Part name;EFM32TG222F32
// Chip name;Tiny Gecko
// Package;QFP48
// Package type;QFP
// Pin count;48
// Package dimensions;7mm x 7mm
//--------------------------------------------------------------------
// Pins
// Pin id;Pin name;Pin type;Functionality
1;PA0;Unknown;GPIO_EM4WU0 / I2C0_SDA #0 / LEU0_RX #4 / PRS_CH0 #0 / TIM0_CC0 #0,1,4
2;PA1;Unknown;CMU_CLK1 #0 / I2C0_SCL #0 / PRS_CH1 #0 / TIM0_CC1 #0,1
3;PA2;Unknown;CMU_CLK0 #0 / TIM0_CC2 #0,1
4;IOVDD_0;Power;
5;VSS;Power;
6;PC0;Unknown;ACMP0_CH0 / DAC0_OUT0ALT/OPAMP_OUT0ALT #0 / I2C0_SDA #4 / LES_CH0 / PCNT0_S0IN #2 / PRS_CH2 #0 / TIM0_CC1 #4 / US0_TX #5 / US1_TX #0
7;PC1;Unknown;ACMP0_CH1 / DAC0_OUT0ALT/OPAMP_OUT0ALT #1 / I2C0_SCL #4 / LES_CH1 / PCNT0_S1IN #2 / PRS_CH3 / TIM0_CC2 #4 / US0_RX #5 / US1_RX #0
8;PC2;Unknown;ACMP0_CH2 / DAC0_OUT0ALT/OPAMP_OUT0ALT #2 / LES_CH2
9;PC3;Unknown;ACMP0_CH3 / DAC0_OUT0ALT/OPAMP_OUT0ALT #3 / LES_CH3
10;PC4;Unknown;ACMP0_CH4 / DAC0_P0/OPAMP_P0 / LES_CH4 / LETIM0_OUT0 #3
11;PB7;Unknown;LFXTAL_P / TIM1_CC0 #3 / US0_TX #4 / US1_CLK #0
12;PB8;Unknown;LFXTAL_N / TIM1_CC1 #3 / US0_RX #4 / US1_CS #0
13;PA8;Unknown;
14;PA9;Unknown;
15;PA10;Unknown;
16;RESETn;Passive;
17;PB11;Unknown;DAC0_OUT0/OPAMP_OUT0 / LETIM0_OUT0 #1 / TIM1_CC2 #3
18;VSS;Power;
19;AVDD_1;Power;
20;PB13;Unknown;HFXTAL_P / LEU0_TX #1 / US0_CLK #4,5
21;PB14;Unknown;HFXTAL_N / LEU0_RX #1 / US0_CS #4,5
22;IOVDD_3;Power;
23;AVDD_0;Power;
24;PD4;Unknown;ADC0_CH4 / DAC0_P2/OPAMP_P2 / LEU0_TX #0
25;PD5;Unknown;ADC0_CH5 / DAC0_OUT2/OPAMP_OUT2 / LEU0_RX #0
26;PD6;Unknown;ACMP0_O #2 / ADC0_CH6 / DAC0_P1/OPAMP_P1 / I2C0_SDA #1 / LES_ALTEX0 / LETIM0_OUT0 #0 / PCNT0_S0IN #3 / TIM1_CC0 #4 / US1_RX #2
27;PD7;Unknown;ACMP1_O #2 / ADC0_CH7 / CMU_CLK0 #2 / DAC0_N1/OPAMP_N1 / I2C0_SCL #1 / LES_ALTEX1 / LETIM0_OUT1 #0 / PCNT0_S1IN #3 / TIM1_CC1 #4 / US1_TX #2
28;VDD_DREG;Power;
29;DECOUPLE;Power;
30;PC8;Unknown;ACMP1_CH0 / LES_CH8 / US0_CS #2
31;PC9;Unknown;ACMP1_CH1 / GPIO_EM4WU1 / LES_CH9 / US0_CLK #2
32;PC10;Unknown;ACMP1_CH2 / LES_CH10 / US0_RX #2
33;PC11;Unknown;ACMP1_CH3 / LES_CH11 / US0_TX #2
34;PC13;Unknown;ACMP1_CH5 / DAC0_OUT1ALT/OPAMP_OUT1ALT #1 / LES_CH13 / PCNT0_S0IN #0 / TIM1_CC0 #0 / TIM1_CC2 #4
35;PC14;Unknown;ACMP1_CH6 / DAC0_OUT1ALT/OPAMP_OUT1ALT #2 / LES_CH14 / PCNT0_S1IN #0 / TIM1_CC1 #0 / US0_CS #3
36;PC15;Unknown;ACMP1_CH7 / DAC0_OUT1ALT/OPAMP_OUT1ALT #3 / DBG_SWO #1 / LES_CH15 / TIM1_CC2 #0 / US0_CLK #3
37;PF0;Unknown;DBG_SWCLK #0,1 / I2C0_SDA #5 / LETIM0_OUT0 #2 / LEU0_TX #3 / TIM0_CC0 #5 / US1_CLK #2
38;PF1;Unknown;DBG_SWDIO #0,1 / GPIO_EM4WU1 / I2C0_SCL #5 / LETIM0_OUT1 #2 / LEU0_RX #3 / TIM0_CC1 #5 / US1_CS #2
39;PF2;Unknown;ACMP1_O #0 / DBG_SWO #0 / GPIO_EM4WU1 / LEU0_TX #4 / TIM0_CC2 #5
40;PF3;Unknown;PRS_CH0 #1
41;PF4;Unknown;PRS_CH1 #1
42;PF5;Unknown;PRS_CH2 #1
43;IOVDD_5;Power;
44;VSS;Power;
45;PE10;Unknown;TIM1_CC0 #1 / US0_TX #0
46;PE11;Unknown;LES_ALTEX5 / TIM1_CC1 #1 / US0_RX #0
47;PE12;Unknown;CMU_CLK1 #2 / I2C0_SDA #6 / LES_ALTEX6 / TIM1_CC2 #1 / US0_CLK #0 / US0_RX #3
48;PE13;Unknown;ACMP0_O #0 / GPIO_EM4WU1 / I2C0_SCL #6 / LES_ALTEX7 / US0_CS #0 / US0_TX #3
