//--------------------------------------------------------------------
// Part name;EFM32LG295F128
// Chip name;Leopard Gecko
// Package;BGA120
// Package type;BGA
// Pin count;120
// Package dimensions;7mm x 7mm
//--------------------------------------------------------------------
// Pins
// Pin id;Pin name;Pin type;Functionality
A1;PE15;Unknown;EBI_AD07 #0,1,2 / LEU0_RX #2 / TIM3_CC1 #0
A2;PE14;Unknown;EBI_AD06 #0,1,2 / LEU0_TX #2 / TIM3_CC0 #0
A3;PE12;Unknown;CMU_CLK1 #2 / EBI_AD04 #0,1,2 / I2C0_SDA #6 / LES_ALTEX6 / TIM1_CC2 #1 / US0_CLK #0 / US0_RX #3
A4;PE9;Unknown;EBI_AD01 #0,1,2 / PCNT2_S1IN #1
A5;PD11;Unknown;EBI_CS2 #0,1,2
A6;PD9;Unknown;EBI_CS0 #0,1,2
A7;PF7;Unknown;EBI_BL1 #0,1,2 / TIM0_CC1 #2 / U0_RX #0
A8;PF5;Unknown;EBI_REn #0,2 / PRS_CH2 #1 / TIM0_CDTI2 #2,5
A9;PF4;Unknown;EBI_WEn #0,2 / PRS_CH1 #1 / TIM0_CDTI1 #2,5
A10;PF2;Unknown;ACMP1_O #0 / DBG_SWO #0 / EBI_ARDY #0,1,2 / GPIO_EM4WU4 / LEU0_TX #4 / TIM0_CC2 #5
A11;USB_VREGI;Power;
A12;USB_VREGO;Power;
A13;PF11;Unknown;U1_RX #1
B1;PA15;Unknown;EBI_AD08 #0,1,2 / TIM3_CC2 #0
B2;PE13;Unknown;ACMP0_O #0 / EBI_AD05 #0,1,2 / GPIO_EM4WU5 / I2C0_SCL #6 / LES_ALTEX7 / US0_CS #0 / US0_TX #3
B3;PE11;Unknown;EBI_AD03 #0,1,2 / LES_ALTEX5 / TIM1_CC1 #1 / US0_RX #0
B4;PE8;Unknown;EBI_AD00 #0,1,2 / PCNT2_S0IN #1 / PRS_CH3 #1
B5;PD12;Unknown;EBI_CS3 #0,1,2
B6;PD10;Unknown;EBI_CS1 #0,1,2
B7;PF8;Unknown;EBI_WEn #1 / ETM_TCLK #1 / TIM0_CC2 #2
B8;PF6;Unknown;EBI_BL0 #0,1,2 / TIM0_CC0 #2 / U0_TX #0
B9;PF3;Unknown;EBI_ALE #0 / ETM_TD3 #1 / PRS_CH0 #1 / TIM0_CDTI0 #2,5
B10;PF1;Unknown;DBG_SWDIO #0,1,2,3 / GPIO_EM4WU3 / I2C0_SCL #5 / LETIM0_OUT1 #2 / LEU0_RX #3 / TIM0_CC1 #5 / US1_CS #2
B11;PF12;Unknown;
B12;USB_VBUS;Power;
B13;PF10;Unknown;U1_TX #1
C1;PA1;Unknown;CMU_CLK1 #0 / EBI_AD10 #0,1,2 / I2C0_SCL #0 / PRS_CH1 #0 / TIM0_CC1 #0,1
C2;PA0;Unknown;EBI_AD09 #0,1,2 / GPIO_EM4WU0 / I2C0_SDA #0 / LEU0_RX #4 / PRS_CH0 #0 / TIM0_CC0 #0,1,4
C3;PE10;Unknown;EBI_AD02 #0,1,2 / TIM1_CC0 #1 / US0_TX #0
C4;PD13;Unknown;ETM_TD1 #1
C5;VSS;Power;
C6;IOVDD_0;Power;
C7;PF9;Unknown;EBI_REn #1 / ETM_TD0 #1
C8;VSS;Power;
C9;IOVDD_1;Power;
C10;PF0;Unknown;DBG_SWCLK #0,1,2,3 / I2C0_SDA #5 / LETIM0_OUT0 #2 / LEU0_TX #3 / TIM0_CC0 #5 / US1_CLK #2
C11;PE4;Unknown;EBI_A11 #0,1,2 / US0_CS #1
C12;PC14;Unknown;ACMP1_CH6 / DAC0_OUT1ALT/OPAMP_OUT1ALT #2 / LES_CH14 / PCNT0_S1IN #0 / TIM0_CDTI1 #1,3 / TIM1_CC1 #0 / U0_TX #3 / US0_CS #3
C13;PC15;Unknown;ACMP1_CH7 / DAC0_OUT1ALT/OPAMP_OUT1ALT #3 / DBG_SWO #1 / LES_CH15 / TIM0_CDTI2 #1,3 / TIM1_CC2 #0 / U0_RX #3 / US0_CLK #3
D1;PA3;Unknown;EBI_AD12 #0,1,2 / ETM_TD1 #3 / LES_ALTEX2 / TIM0_CDTI0 #0 / U0_TX #2
D2;PA2;Unknown;CMU_CLK0 #0 / EBI_AD11 #0,1,2 / ETM_TD0 #3 / TIM0_CC2 #0,1
D3;PB15;Unknown;ETM_TD2 #1
D11;PE5;Unknown;EBI_A12 #0,1,2 / US0_CLK #1
D12;PC12;Unknown;ACMP1_CH4 / CMU_CLK0 #1 / DAC0_OUT1ALT/OPAMP_OUT1ALT #0 / LES_CH12 / U1_TX #0
D13;PC13;Unknown;ACMP1_CH5 / DAC0_OUT1ALT/OPAMP_OUT1ALT #1 / LES_CH13 / PCNT0_S0IN #0 / TIM0_CDTI0 #1,3 / TIM1_CC0 #0 / TIM1_CC2 #4 / U1_RX #0
E1;PA6;Unknown;EBI_AD15 #0,1,2 / ETM_TCLK #3 / GPIO_EM4WU1 / LEU1_RX #1
E2;PA5;Unknown;EBI_AD14 #0,1,2 / ETM_TD3 #3 / LES_ALTEX4 / LEU1_TX #1 / TIM0_CDTI2 #0
E3;PA4;Unknown;EBI_AD13 #0,1,2 / ETM_TD2 #3 / LES_ALTEX3 / TIM0_CDTI1 #0 / U0_RX #2
E11;PE6;Unknown;EBI_A13 #0,1,2 / US0_RX #1
E12;PC10;Unknown;ACMP1_CH2 / EBI_A10 #1,2 / LES_CH10 / TIM2_CC2 #2 / US0_RX #2
E13;PC11;Unknown;ACMP1_CH3 / EBI_ALE #1,2 / LES_CH11 / US0_TX #2
F1;PB0;Unknown;EBI_A16 #0,1,2 / TIM1_CC0 #2
F2;PB1;Unknown;EBI_A17 #0,1,2 / TIM1_CC1 #2
F3;PB2;Unknown;EBI_A18 #0,1,2 / TIM1_CC2 #2
F11;PE7;Unknown;EBI_A14 #0,1,2 / US0_TX #1
F12;PC8;Unknown;ACMP1_CH0 / EBI_A15 #0,1,2 / LES_CH8 / TIM2_CC0 #2 / US0_CS #2
F13;PC9;Unknown;ACMP1_CH1 / EBI_A09 #1,2 / GPIO_EM4WU2 / LES_CH9 / TIM2_CC1 #2 / US0_CLK #2
G1;PB3;Unknown;EBI_A19 #0,1,2 / PCNT1_S0IN #1 / US2_TX #1
G2;PB4;Unknown;EBI_A20 #0,1,2 / PCNT1_S1IN #1 / US2_RX #1
G3;IOVDD_2;Power;
G11;PE0;Unknown;EBI_A07 #0,1,2 / I2C1_SDA #2 / PCNT0_S0IN #1 / TIM3_CC0 #1 / U0_TX #1
G12;PE1;Unknown;EBI_A08 #0,1,2 / I2C1_SCL #2 / PCNT0_S1IN #1 / TIM3_CC1 #1 / U0_RX #1
G13;PE3;Unknown;ACMP1_O #1 / BU_STAT / EBI_A10 #0 / U1_RX #3
H1;PB5;Unknown;EBI_A21 #0,1,2 / US2_CLK #1
H2;PB6;Unknown;EBI_A22 #0,1,2 / US2_CS #1
H3;VSS;Power;
H11;VDD_DREG;Power;
H12;PE2;Unknown;ACMP0_O #1 / BU_VOUT / EBI_A09 #0 / TIM3_CC2 #1 / U1_TX #3
H13;PC7;Unknown;ACMP0_CH7 / EBI_A06 #0,1,2 / ETM_TD0 #2 / I2C0_SCL #2 / LES_CH7 / LEU1_RX #0
J1;PD14;Unknown;I2C0_SDA #3
J2;PD15;Unknown;I2C0_SCL #3
J3;VSS;Power;
J11;IOVDD_3;Power;
J12;PC6;Unknown;ACMP0_CH6 / EBI_A05 #0,1,2 / ETM_TCLK #2 / I2C0_SDA #2 / LES_CH6 / LEU1_TX #0
J13;DECOUPLE;Power;
K1;PC0;Unknown;ACMP0_CH0 / DAC0_OUT0ALT/OPAMP_OUT0ALT #0 / EBI_A23 #0,1,2 / I2C0_SDA #4 / LES_CH0 / PCNT0_S0IN #2 / PRS_CH2 #0 / TIM0_CC1 #4 / US0_TX #5 / US1_TX #0
K2;PC1;Unknown;ACMP0_CH1 / DAC0_OUT0ALT/OPAMP_OUT0ALT #1 / EBI_A24 #0,1,2 / I2C0_SCL #4 / LES_CH1 / PCNT0_S1IN #2 / PRS_CH3 #0 / TIM0_CC2 #4 / US0_RX #5 / US1_RX #0
K3;IOVDD_4;Power;
K11;VSS;Power;
K12;VSS;Power;
K13;PD8;Unknown;BU_VIN / CMU_CLK1 #1
L1;PC2;Unknown;ACMP0_CH2 / DAC0_OUT0ALT/OPAMP_OUT0ALT #2 / EBI_A25 #0,1,2 / LES_CH2 / TIM0_CDTI0 #4 / US2_TX #0
L2;PC3;Unknown;ACMP0_CH3 / DAC0_OUT0ALT/OPAMP_OUT0ALT #3 / EBI_NANDREn #0,1,2 / LES_CH3 / TIM0_CDTI1 #4 / US2_RX #0
L3;PA7;Unknown;EBI_CSTFT #0,1,2
L4;IOVDD_5;Power;
L5;VSS;Power;
L6;VSS;Power;
L7;IOVDD_6;Power;
L8;PB9;Unknown;EBI_A03 #0,1,2 / U1_TX #2
L9;PB10;Unknown;EBI_A04 #0,1,2 / U1_RX #2
L10;PD0;Unknown;ADC0_CH0 / DAC0_OUT0ALT/OPAMP_OUT0ALT #4 / DAC0_OUT2/OPAMP_OUT2 #1 / PCNT2_S0IN #0 / US1_TX #1
L11;PD1;Unknown;ADC0_CH1 / DAC0_OUT1ALT/OPAMP_OUT1ALT #4 / DBG_SWO #2 / PCNT2_S1IN #0 / TIM0_CC0 #3 / US1_RX #1
L12;PD4;Unknown;ADC0_CH4 / DAC0_P2/OPAMP_P2 / ETM_TD2 #0,2 / LEU0_TX #0
L13;PD7;Unknown;ACMP1_O #2 / ADC0_CH7 / CMU_CLK0 #2 / DAC0_N1/OPAMP_N1 / ETM_TCLK #0 / I2C0_SCL #1 / LES_ALTEX1 / LETIM0_OUT1 #0 / PCNT0_S1IN #3 / TIM1_CC1 #4 / US1_TX #2
M1;PB7;Unknown;LFXTAL_P / TIM1_CC0 #3 / US0_TX #4 / US1_CLK #0
M2;PC4;Unknown;ACMP0_CH4 / DAC0_P0/OPAMP_P0 / EBI_A26 #0,1,2 / I2C1_SDA #0 / LES_CH4 / LETIM0_OUT0 #3 / PCNT1_S0IN #0 / TIM0_CDTI2 #4 / US2_CLK #0
M3;PA8;Unknown;EBI_DCLK #0,1,2 / TIM2_CC0 #0
M4;PA10;Unknown;EBI_VSNC #0,1,2 / TIM2_CC2 #0
M5;PA13;Unknown;EBI_A01 #0,1,2 / TIM2_CC1 #1
M6;PA14;Unknown;EBI_A02 #0,1,2 / TIM2_CC2 #1
M7;RESETn;Passive;
M8;AVSS_1;Power;
M9;AVDD_2;Power;
M10;AVDD_1;Power;
M11;AVSS_0;Power;
M12;PD3;Unknown;ADC0_CH3 / DAC0_N2/OPAMP_N2 / ETM_TD1 #0,2 / TIM0_CC2 #3 / US1_CS #1
M13;PD6;Unknown;ACMP0_O #2 / ADC0_CH6 / DAC0_P1/OPAMP_P1 / ETM_TD0 #0 / I2C0_SDA #1 / LES_ALTEX0 / LETIM0_OUT0 #0 / PCNT0_S0IN #3 / TIM1_CC0 #4 / US1_RX #2
N1;PB8;Unknown;LFXTAL_N / TIM1_CC1 #3 / US0_RX #4 / US1_CS #0
N2;PC5;Unknown;ACMP0_CH5 / DAC0_N0/OPAMP_N0 / EBI_NANDWEn #0,1,2 / I2C1_SCL #0 / LES_CH5 / LETIM0_OUT1 #3 / PCNT1_S1IN #0 / US2_CS #0
N3;PA9;Unknown;EBI_DTEN #0,1,2 / TIM2_CC1 #0
N4;PA11;Unknown;EBI_HSNC #0,1,2
N5;PA12;Unknown;EBI_A00 #0,1,2 / TIM2_CC0 #1
N6;PB11;Unknown;DAC0_OUT0/OPAMP_OUT0 / I2C1_SDA #1 / LETIM0_OUT0 #1 / TIM1_CC2 #3
N7;PB12;Unknown;DAC0_OUT1/OPAMP_OUT1 / I2C1_SCL #1 / LETIM0_OUT1 #1
N8;AVSS_2;Power;
N9;PB13;Unknown;HFXTAL_P / LEU0_TX #1 / US0_CLK #4,5
N10;PB14;Unknown;HFXTAL_N / LEU0_RX #1 / US0_CS #4,5
N11;AVDD_0;Power;
N12;PD2;Unknown;ADC0_CH2 / DBG_SWO #3 / EBI_A27 #0,1,2 / TIM0_CC1 #3 / US1_CLK #1
N13;PD5;Unknown;ADC0_CH5 / DAC0_OUT2/OPAMP_OUT2 #0 / ETM_TD3 #0,2 / LEU0_RX #0
