//--------------------------------------------------------------------
// Part name;EFM32G200F32
// Chip name;Gecko
// Package;QFN32
// Package type;QFN
// Pin count;32
// Package dimensions;6mm x 6mm
//--------------------------------------------------------------------
// Pins
// Pin id;Pin name;Pin type;Functionality
1;PA0;Unknown;I2C0_SDA #0 / TIM0_CC0 #0,1
2;PA1;Unknown;CMU_CLK1 / I2C0_SCL #0 / TIM0_CC1 #0,1
3;PA2;Unknown;CMU_CLK0 / TIM0_CC2 #0,1
4;IOVDD_1;Power;
5;PC0;Unknown;ACMP0_CH0 / PCNT0_S0IN #2 / US1_TX
6;PC1;Unknown;ACMP0_CH1 / PCNT0_S1IN #2 / US1_RX
7;PB7;Unknown;LFXTAL_P / US1_CLK
8;PB8;Unknown;LFXTAL_N / US1_CS
9;RESETn;Passive;
10;PB11;Unknown;DAC0_OUT0/OPAMP_OUT0 / LETIM0_OUT0 #1
11;AVDD_2;Power;
12;PB13;Unknown;HFXTAL_P / LEU0_TX #1
13;PB14;Unknown;HFXTAL_N / LEU0_RX #1
14;IOVDD_3;Power;
15;AVDD_0;Power;
16;PD4;Unknown;ADC0_CH4 / LEU0_TX #0
17;PD5;Unknown;ADC0_CH5 / LEU0_RX #0
18;PD6;Unknown;ADC0_CH6 / I2C0_SDA #1 / LETIM0_OUT0 #0
19;PD7;Unknown;ADC0_CH7 / I2C0_SCL #1 / LETIM0_OUT1 #0
20;VDD_DREG;Power;
21;DECOUPLE;Power;
22;PC13;Unknown;ACMP1_CH5 / PCNT0_S0IN #0 / TIM0_CDTI0 #1,3 / TIM1_CC0 #0
23;PC14;Unknown;ACMP1_CH6 / PCNT0_S1IN #0 / TIM0_CDTI1 #1,3 / TIM1_CC1 #0
24;PC15;Unknown;ACMP1_CH7 / DBG_SWO #1 / TIM0_CDTI2 #1,3 / TIM1_CC2 #0
25;PF0;Unknown;DBG_SWCLK #0,1 / LETIM0_OUT0 #2
26;PF1;Unknown;DBG_SWDIO #0,1 / LETIM0_OUT1 #2
27;PF2;Unknown;ACMP1_O / DBG_SWO #0
28;IOVDD_5;Power;
29;PE10;Unknown;TIM1_CC0 #1 / US0_TX
30;PE11;Unknown;TIM1_CC1 #1 / US0_RX
31;PE12;Unknown;TIM1_CC2 #1 / US0_CLK
32;PE13;Unknown;ACMP0_O / US0_CS
33;VSS_PAD;Power;
