//--------------------------------------------------------------------
// Part name;EFM32TG822F32
// Chip name;Tiny Gecko
// Package;QFP48
// Package type;QFP
// Pin count;48
// Package dimensions;7mm x 7mm
//--------------------------------------------------------------------
// Pins
// Pin id;Pin name;Pin type;Functionality
1;PA0;Unknown;GPIO_EM4WU0 / I2C0_SDA #0 / LCD_SEG13 / LEU0_RX #4 / PRS_CH0 #0 / TIM0_CC0 #0,1,4
2;PA1;Unknown;CMU_CLK1 #0 / I2C0_SCL #0 / LCD_SEG14 / PRS_CH1 #0 / TIM0_CC1 #0,1
3;PA2;Unknown;CMU_CLK0 #0 / LCD_SEG15 / TIM0_CC2 #0,1
4;IOVDD_0;Power;
5;VSS;Power;
6;PB3;Unknown;LCD_SEG20/LCD_COM4
7;PB4;Unknown;LCD_SEG21/LCD_COM5
8;PB5;Unknown;LCD_SEG22/LCD_COM6
9;PB6;Unknown;LCD_SEG23/LCD_COM7
10;PC4;Unknown;ACMP0_CH4 / DAC0_P0/OPAMP_P0 / LES_CH4 / LETIM0_OUT0 #3
11;PB7;Unknown;LFXTAL_P / TIM1_CC0 #3 / US0_TX #4 / US1_CLK #0
12;PB8;Unknown;LFXTAL_N / TIM1_CC1 #3 / US0_RX #4 / US1_CS #0
13;PA12;Unknown;LCD_BCAP_P
14;PA13;Unknown;LCD_BCAP_N
15;PA14;Unknown;LCD_BEXT
16;RESETn;Passive;
17;PB11;Unknown;DAC0_OUT0/OPAMP_OUT0 / LETIM0_OUT0 #1 / TIM1_CC2 #3
18;VSS;Power;
19;AVDD_1;Power;
20;PB13;Unknown;HFXTAL_P / LEU0_TX #1 / US0_CLK #4,5
21;PB14;Unknown;HFXTAL_N / LEU0_RX #1 / US0_CS #4,5
22;IOVDD_3;Power;
23;AVDD_0;Power;
24;PD4;Unknown;ADC0_CH4 / DAC0_P2/OPAMP_P2 / LEU0_TX #0
25;PD5;Unknown;ADC0_CH5 / DAC0_OUT2/OPAMP_OUT2 / LEU0_RX #0
26;PD6;Unknown;ACMP0_O #2 / ADC0_CH6 / DAC0_P1/OPAMP_P1 / I2C0_SDA #1 / LES_ALTEX0 / LETIM0_OUT0 #0 / PCNT0_S0IN #3 / TIM1_CC0 #4 / US1_RX #2
27;PD7;Unknown;ACMP1_O #2 / ADC0_CH7 / CMU_CLK0 #2 / DAC0_N1/OPAMP_N1 / I2C0_SCL #1 / LES_ALTEX1 / LETIM0_OUT1 #0 / PCNT0_S1IN #3 / TIM1_CC1 #4 / US1_TX #2
28;VDD_DREG;Power;
29;DECOUPLE;Power;
30;PE4;Unknown;LCD_COM0 / US0_CS #1
31;PE5;Unknown;LCD_COM1 / US0_CLK #1
32;PE6;Unknown;LCD_COM2 / US0_RX #1
33;PE7;Unknown;LCD_COM3 / US0_TX #1
34;PC13;Unknown;ACMP1_CH5 / DAC0_OUT1ALT/OPAMP_OUT1ALT #1 / LES_CH13 / PCNT0_S0IN #0 / TIM1_CC0 #0 / TIM1_CC2 #4
35;PC14;Unknown;ACMP1_CH6 / DAC0_OUT1ALT/OPAMP_OUT1ALT #2 / LES_CH14 / PCNT0_S1IN #0 / TIM1_CC1 #0 / US0_CS #3
36;PC15;Unknown;ACMP1_CH7 / DAC0_OUT1ALT/OPAMP_OUT1ALT #3 / DBG_SWO #1 / LES_CH15 / TIM1_CC2 #0 / US0_CLK #3
37;PF0;Unknown;DBG_SWCLK #0,1 / I2C0_SDA #5 / LETIM0_OUT0 #2 / LEU0_TX #3 / TIM0_CC0 #5 / US1_CLK #2
38;PF1;Unknown;DBG_SWDIO #0,1 / GPIO_EM4WU1 / I2C0_SCL #5 / LETIM0_OUT1 #2 / LEU0_RX #3 / TIM0_CC1 #5 / US1_CS #2
39;PF2;Unknown;ACMP1_O #0 / DBG_SWO #0 / GPIO_EM4WU1 / LCD_SEG0 / LEU0_TX #4 / TIM0_CC2 #5
40;PF3;Unknown;LCD_SEG1 / PRS_CH0 #1
41;PF4;Unknown;LCD_SEG2 / PRS_CH1 #1
42;PF5;Unknown;LCD_SEG3 / PRS_CH2 #1
43;IOVDD_5;Power;
44;VSS;Power;
45;PE10;Unknown;LCD_SEG6 / TIM1_CC0 #1 / US0_TX #0
46;PE11;Unknown;LCD_SEG7 / LES_ALTEX5 / TIM1_CC1 #1 / US0_RX #0
47;PE12;Unknown;CMU_CLK1 #2 / I2C0_SDA #6 / LCD_SEG8 / LES_ALTEX6 / TIM1_CC2 #1 / US0_CLK #0 / US0_RX #3
48;PE13;Unknown;ACMP0_O #0 / GPIO_EM4WU1 / I2C0_SCL #6 / LCD_SEG9 / LES_ALTEX7 / US0_CS #0 / US0_TX #3
