//--------------------------------------------------------------------
// Part name;EFM32TG840F8
// Chip name;Tiny Gecko
// Package;QFN64
// Package type;QFN
// Pin count;64
// Package dimensions;9mm x 9mm
//--------------------------------------------------------------------
// Pins
// Pin id;Pin name;Pin type;Functionality
1;PA0;Unknown;GPIO_EM4WU0 / I2C0_SDA #0 / LCD_SEG13 / LEU0_RX #4 / PRS_CH0 #0 / TIM0_CC0 #0,1,4
2;PA1;Unknown;CMU_CLK1 #0 / I2C0_SCL #0 / LCD_SEG14 / PRS_CH1 #0 / TIM0_CC1 #0,1
3;PA2;Unknown;CMU_CLK0 #0 / LCD_SEG15 / TIM0_CC2 #0,1
4;PA3;Unknown;LCD_SEG16 / LES_ALTEX2
5;PA4;Unknown;LCD_SEG17 / LES_ALTEX3
6;PA5;Unknown;LCD_SEG18 / LES_ALTEX4
7;PA6;Unknown;GPIO_EM4WU1 / LCD_SEG19
8;IOVDD_0;Power;
9;PB3;Unknown;LCD_SEG20/LCD_COM4
10;PB4;Unknown;LCD_SEG21/LCD_COM5
11;PB5;Unknown;LCD_SEG22/LCD_COM6
12;PB6;Unknown;LCD_SEG23/LCD_COM7
13;PC4;Unknown;ACMP0_CH4 / DAC0_P0/OPAMP_P0 / LES_CH4 / LETIM0_OUT0 #3
14;PC5;Unknown;ACMP0_CH5 / DAC0_N0/OPAMP_N0 / LES_CH5 / LETIM0_OUT1 #3
15;PB7;Unknown;LFXTAL_P / TIM1_CC0 #3 / US0_TX #4 / US1_CLK #0
16;PB8;Unknown;LFXTAL_N / TIM1_CC1 #3 / US0_RX #4 / US1_CS #0
17;PA12;Unknown;LCD_BCAP_P
18;PA13;Unknown;LCD_BCAP_N
19;PA14;Unknown;LCD_BEXT
20;RESETn;Passive;
21;PB11;Unknown;DAC0_OUT0/OPAMP_OUT0 / LETIM0_OUT0 #1 / TIM1_CC2 #3
22;PB12;Unknown;DAC0_OUT1/OPAMP_OUT1 / LETIM0_OUT1 #1
23;AVDD_1;Power;
24;PB13;Unknown;HFXTAL_P / LEU0_TX #1 / US0_CLK #4,5
25;PB14;Unknown;HFXTAL_N / LEU0_RX #1 / US0_CS #4,5
26;IOVDD_3;Power;
27;AVDD_0;Power;
28;PD0;Unknown;ADC0_CH0 / DAC0_OUT0ALT/OPAMP_OUT0ALT #4 / DAC0_OUT2/OPAMP_OUT2 #1 / US1_TX #1
29;PD1;Unknown;ADC0_CH1 / DAC0_OUT1ALT/OPAMP_OUT1ALT #4 / TIM0_CC0 #3 / US1_RX #1
30;PD2;Unknown;ADC0_CH2 / TIM0_CC1 #3 / US1_CLK #1
31;PD3;Unknown;ADC0_CH3 / DAC0_N2/OPAMP_N2 / TIM0_CC2 #3 / US1_CS #1
32;PD4;Unknown;ADC0_CH4 / DAC0_P2/OPAMP_P2 / LEU0_TX #0
33;PD5;Unknown;ADC0_CH5 / DAC0_OUT2/OPAMP_OUT2 #0 / LEU0_RX #0
34;PD6;Unknown;ACMP0_O #2 / ADC0_CH6 / DAC0_P1/OPAMP_P1 / I2C0_SDA #1 / LES_ALTEX0 / LETIM0_OUT0 #0 / PCNT0_S0IN #3 / TIM1_CC0 #4 / US1_RX #2
35;PD7;Unknown;ACMP1_O #2 / ADC0_CH7 / CMU_CLK0 #2 / DAC0_N1/OPAMP_N1 / I2C0_SCL #1 / LES_ALTEX1 / LETIM0_OUT1 #0 / PCNT0_S1IN #3 / TIM1_CC1 #4 / US1_TX #2
36;PD8;Unknown;CMU_CLK1 #1
37;PC6;Unknown;ACMP0_CH6 / I2C0_SDA #2 / LES_CH6
38;PC7;Unknown;ACMP0_CH7 / I2C0_SCL #2 / LES_CH7
39;VDD_DREG;Power;
40;DECOUPLE;Power;
41;PE4;Unknown;LCD_COM0 / US0_CS #1
42;PE5;Unknown;LCD_COM1 / US0_CLK #1
43;PE6;Unknown;LCD_COM2 / US0_RX #1
44;PE7;Unknown;LCD_COM3 / US0_TX #1
45;PC12;Unknown;ACMP1_CH4 / CMU_CLK0 #1 / DAC0_OUT1ALT/OPAMP_OUT1ALT #0 / LES_CH12
46;PC13;Unknown;ACMP1_CH5 / DAC0_OUT1ALT/OPAMP_OUT1ALT #1 / LES_CH13 / PCNT0_S0IN #0 / TIM1_CC0 #0 / TIM1_CC2 #4
47;PC14;Unknown;ACMP1_CH6 / DAC0_OUT1ALT/OPAMP_OUT1ALT #2 / LES_CH14 / PCNT0_S1IN #0 / TIM1_CC1 #0 / US0_CS #3
48;PC15;Unknown;ACMP1_CH7 / DAC0_OUT1ALT/OPAMP_OUT1ALT #3 / DBG_SWO #1 / LES_CH15 / TIM1_CC2 #0 / US0_CLK #3
49;PF0;Unknown;DBG_SWCLK #0,1 / I2C0_SDA #5 / LETIM0_OUT0 #2 / LEU0_TX #3 / TIM0_CC0 #5 / US1_CLK #2
50;PF1;Unknown;DBG_SWDIO #0,1 / GPIO_EM4WU1 / I2C0_SCL #5 / LETIM0_OUT1 #2 / LEU0_RX #3 / TIM0_CC1 #5 / US1_CS #2
51;PF2;Unknown;ACMP1_O #0 / DBG_SWO #0 / GPIO_EM4WU1 / LCD_SEG0 / LEU0_TX #4 / TIM0_CC2 #5
52;PF3;Unknown;LCD_SEG1 / PRS_CH0 #1
53;PF4;Unknown;LCD_SEG2 / PRS_CH1 #1
54;PF5;Unknown;LCD_SEG3 / PRS_CH2 #1
55;IOVDD_5;Power;
56;PE8;Unknown;LCD_SEG4 / PRS_CH3 #1
57;PE9;Unknown;LCD_SEG5
58;PE10;Unknown;LCD_SEG6 / TIM1_CC0 #1 / US0_TX #0
59;PE11;Unknown;LCD_SEG7 / LES_ALTEX5 / TIM1_CC1 #1 / US0_RX #0
60;PE12;Unknown;CMU_CLK1 #2 / I2C0_SDA #6 / LCD_SEG8 / LES_ALTEX6 / TIM1_CC2 #1 / US0_CLK #0 / US0_RX #3
61;PE13;Unknown;ACMP0_O #0 / GPIO_EM4WU1 / I2C0_SCL #6 / LCD_SEG9 / LES_ALTEX7 / US0_CS #0 / US0_TX #3
62;PE14;Unknown;LCD_SEG10 / LEU0_TX #2
63;PE15;Unknown;LCD_SEG11 / LEU0_RX #2
64;PA15;Unknown;LCD_SEG12
65;VSS_PAD;Power;
